DELETE FROM `unr_players` ;
INSERT INTO `unr_players` (`id`, `name`, `password`, `email`, `active`, `webadmin`) VALUES
(1, 'admin', '21232f297a57a5a743894a0e4a801fc3', 'admin@site.com', 1, 1);

DELETE FROM `servers`;
INSERT  INTO `servers`(`id`,`name`,`addres`) VALUES
(1,'[K.lan] CSDM','cs.klan-hub.ru:27015'),
(2,'[K.lan] Classic','cs.klan-hub.ru:27016'),
(3,'[K.lan] Kreedz','cs.klan-hub.ru:27017'),
(4,'[K.lan] Zombie Plague','cs.klan-hub.ru:27018');

DELETE FROM `servers_lang`;
INSERT  INTO `servers_lang`(`id`,`serverid`,`lang`,`desc`) VALUES 
(1,1,'ru','Любите безостановочную стрельбу'),
(2,2,'ru','Вы сторонник классической игры'),
(3,3,'ru','Нравится паркур'),
(4,4,'ru','Окутайтесь в атмосферу страха и ужаса'),
(5,1,'en','Like non-stop shooting'),
(6,2,'en','You are a supporter of the classic game'),
(7,3,'en','Like the parkour'),
(8,4,'en','Acetates in an atmosphere of fear and terror');

DELETE FROM `themes`;
insert  into `themes`(`id`,`theme`,`default`,`cs`) values 
(1,'main',1,1),
(2,'white',0,0),
(3,'image',0,0),
(4,'empty',0,0);

DELETE FROM `themes_lang`;
insert  into `themes_lang`(`id`,`themesid`,`lang`,`name`) values 
(1,1,'ru','Стандарная'),
(2,2,'ru','Инвертная'),
(3,3,'ru','Картинки'),
(4,4,'ru','Пустая'),
(5,1,'en','Standart'),
(6,2,'en','Invert'),
(7,3,'en','Images'),
(8,4,'en','Empty');

DELETE FROM `unr_achiev`;
insert  into `unr_achiev`(`id`,`type`,`count`) values 
(1,'money_t',125000),
(2,'dominate_o',1),
(3,'kill_l',1),
(4,'dominate_m',1),
(5,'kill_s',1),
(6,'dominate_n',1),
(7,'dominate_d',4),
(8,'dominate_o',10),
(9,'dominate_t',3),
(10,'kill_d',1),
(11,'kill_e',500),
(12,'airkill_u',1),
(13,'money_t',2500000),
(14,'spray',100),
(15,'dominate_m',20),
(16,'airkill_b',1),
(17,'kill_e',10000),
(18,'airkill_e',1),
(19,'flash_t',5),
(20,'money_t',50000000),
(21,'say',1000),
(22,'spray',1000),
(23,'money_b',100000),
(24,'headshoots_in_round',5),
(25,'95dmg',1),
(26,'5dmg',1),
(27,'break_in_round',10),
(28,'win_round',10),
(29,'win_round',200),
(30,'win_round',5000),
(31,'1sek_defusing',1),
(32,'bomb_plant',100),
(33,'bomb_defuse',100),
(34,'de_dust2_win_round',100),
(35,'break',500),
(36,'de_nuke_win_round',100),
(37,'deathrun_temple_win_round',100),
(38,'surf_ski_2_win_round',100),
(39,'awp_rooftops_win_round',100),
(40,'hns_floppytown_win_round',100),
(41,'money_t',1000000),
(42,'collect_halloween_present',20);

DELETE FROM `unr_achiev_lang`;
insert  into `unr_achiev_lang`(`id`,`achievid`,`lang`,`ltype`,`value`) values 
(1,1,'ru','name','Военные Облигации'),
(2,2,'ru','name','Рецидивист'),
(3,3,'ru','name','Волшебная Пуля'),
(4,4,'ru','name','С позиции силы'),
(5,5,'ru','name','Глаза в глаза'),
(6,6,'ru','name','Боевик'),
(7,7,'ru','name','Чрезмерная Жестокость'),
(8,8,'ru','name','Дециматор'),
(9,9,'ru','name','Хет-трик'),
(10,10,'ru','name','Экономия патронов'),
(11,11,'ru','name','Санитар'),
(12,12,'ru','name','Смерть с неба'),
(13,13,'ru','name','Трофеи войны'),
(14,14,'ru','name','Искусство войны'),
(15,15,'ru','name','Не тронь меня!'),
(16,16,'ru','name','Воздушный Necrobatics'),
(17,17,'ru','name','Бог войны'),
(18,18,'ru','name','Банни Хант'),
(19,19,'ru','name','Привет, Ребята'),
(20,20,'ru','name','Кровавые Деньги'),
(21,21,'ru','name','Общительный игрок'),
(22,22,'ru','name','День молодежи'),
(23,23,'ru','name','Богатый игрок'),
(24,24,'ru','name','Глава Лоскуток Выкупа'),
(25,25,'ru','name','Праймер'),
(26,26,'ru','name','Отделка Вышколены'),
(27,27,'ru','name','Баальшой Респект'),
(28,28,'ru','name','Ньют Мировой Порядок'),
(29,29,'ru','name','Поощрятель'),
(30,30,'ru','name','Leet мужчина'),
(31,31,'ru','name','Второй нет'),
(32,32,'ru','name','Boomala Boomala'),
(33,33,'ru','name','Блокиратор Больно'),
(34,34,'ru','name','Ветеран карты Dust2'),
(35,35,'ru','name','Разрушитель'),
(36,36,'ru','name','Ветеран карты Nuke'),
(37,37,'ru','name','Ветеран карты Temple'),
(38,38,'ru','name','Ветеран карты ski 2'),
(39,39,'ru','name','Ветеран карты rooftops'),
(40,40,'ru','name','Ветеран карты floppytown'),
(41,41,'ru','name','НЕФТЬ! Я БОГАТ!'),
(42,42,'ru','name','Хэллоуин время!'),
(43,1,'ru','desc','Заработать $125,000'),
(44,2,'ru','desc','Доминировать над вражеским игроком'),
(45,3,'ru','desc','Убить врага последним патроном в магазине'),
(46,4,'ru','desc','Убить противника, над которым вы уже доминируете'),
(47,5,'ru','desc','Убить из снайперской винтовки вражеского снайпера'),
(48,6,'ru','desc','Убить вражеского игрока, который над вами доминирует'),
(49,7,'ru','desc','Убить вражеского игрока еще 4 раза, когда вы уже доминируете над ним'),
(50,8,'ru','desc','Доминировать над 10 вражескими игроками'),
(51,9,'ru','desc','Доминировать одновременно над тремя вражескими игроками'),
(52,10,'ru','desc','Убить двух противников одной пулей'),
(53,11,'ru','desc','Убить 500 врагов'),
(54,12,'ru','desc','Убить врага, находясь в воздухе'),
(55,13,'ru','desc','Заработать $2,500,000'),
(56,14,'ru','desc','Нарисовать 100 рисунков'),
(57,15,'ru','desc','Убить 20 вражеских игроков, которые доминируют над вами'),
(58,16,'ru','desc','Находясь в воздухе, убить врага, тоже находящегося в воздухе'),
(59,17,'ru','desc','Убить 10000 врагов'),
(60,18,'ru','desc','Убить врага, находящегося в воздухе'),
(61,19,'ru','desc','Ослепить товарищей 5 раз'),
(62,20,'ru','desc','Заработать $50,000,000'),
(63,21,'ru','desc','Написать в чат 1000 сообщений'),
(64,22,'ru','desc','Нарисовать 1000 рисунков'),
(65,23,'ru','desc','Потратить $100,000'),
(66,24,'ru','desc','Убить 5 врагов выстрелами в голову за один раунд'),
(67,25,'ru','desc','Нанести 95% урона врагу, которого затем убивает другой игрок'),
(68,26,'ru','desc','Убить врага, который доведен до уровня мнее 5% здоровья другим игроком'),
(69,27,'ru','desc','Сломать 10 предметов за один раунд'),
(70,28,'ru','desc','Выиграть 10 раундов'),
(71,29,'ru','desc','Выиграть 200 раундов'),
(72,30,'ru','desc','Выиграть 5000 раундов'),
(73,31,'ru','desc','Успешно обезвредить бомбу менее чем за одну секунду до взрыва'),
(74,32,'ru','desc','Установить 100 бомб'),
(75,33,'ru','desc','Обезвредить 100 бомб'),
(76,34,'ru','desc','Выиграть 100 раундов на карте de_dust2'),
(77,35,'ru','desc','Сломать 500 предметов'),
(78,36,'ru','desc','Выиграть 100 раундов на карте de_nuke'),
(79,37,'ru','desc','Выиграть 100 раундов на карте deathrun_temple'),
(80,38,'ru','desc','Выиграть 100 раундов на карте surf_ski_2'),
(81,39,'ru','desc','Выиграть 100 раундов на карте awp_rooftops'),
(82,40,'ru','desc','Выиграть 100 раундов на карте hns_floppytown'),
(83,41,'ru','desc','Заработать $1,000,000'),
(84,42,'ru','desc','Собрать 20 мешков с подарками в период с 29.10 по 3.11'),
(85,1,'en','name','War Bonds'),
(86,2,'en','name','Repeat Offender'),
(87,3,'en','name','Magic Bullet'),
(88,4,'en','name','From a position of strength'),
(89,5,'en','name','Eye to Eye'),
(90,6,'en','name','Insurgent'),
(91,7,'en','name','Excessive Brutality'),
(92,8,'en','name','Decimator'),
(93,9,'en','name','A hat-trick'),
(94,10,'en','name','Saving ammunition'),
(95,11,'en','name','Corpsman'),
(96,12,'en','name','Смерть с неба'),
(97,13,'en','name','Spoils of War'),
(98,14,'en','name','The Art of War'),
(99,15,'en','name','Don\'t touch me!'),
(100,16,'en','name','Aerial Necrobatics'),
(101,17,'en','name','God of War'),
(102,18,'en','name','Bunny Hunt'),
(103,19,'en','name','Hello Guys'),
(104,20,'en','name','Blood Money'),
(105,21,'en','name','A talkative player'),
(106,22,'en','name','Youth day'),
(107,23,'en','name','Rich player'),
(108,24,'en','name','Head Shred Redemption'),
(109,25,'en','name','Primer'),
(110,26,'en','name','Finishing Schooled'),
(111,27,'en','name','Mad Props'),
(112,28,'en','name','Newb World Order'),
(113,29,'en','name','Pro-moted'),
(114,30,'en','name','Leet-er of Men'),
(115,31,'en','name','Second to None'),
(116,32,'en','name','Boomala Boomala'),
(117,33,'en','name','The Hurt Blocker'),
(118,34,'en','name','Veteran maps Dust2'),
(119,35,'en','name','Разрушитель'),
(120,36,'en','name','Veteran maps Nuke'),
(121,37,'en','name','Veteran maps Temple'),
(122,38,'en','name','Veteran maps ski 2'),
(123,39,'en','name','Veteran maps rooftops'),
(124,40,'en','name','Veteran maps floppytown'),
(125,41,'en','name','OIL! I\'M RICH!'),
(126,42,'en','name','Halloween time!'),
(127,1,'en','desc','Earn $125,000'),
(128,2,'en','desc','Dominate an enemy player'),
(129,3,'en','desc','Kill an enemy with the last bullet in the store'),
(130,4,'en','desc','Kill the enemy, over which you already dominate'),
(131,5,'en','desc','To kill from a sniper rifle the enemy sniper'),
(132,6,'en','desc','Kill an enemy player that is dominating over you'),
(133,7,'en','desc','Kill an enemy player 4 times when you already dominate it'),
(134,8,'en','desc','To dominate the 10 enemy players'),
(135,9,'en','desc','At the same time to dominate three enemy players'),
(136,10,'en','desc','Kill two enemies with one bullet'),
(137,11,'en','desc','Kill 500 enemies'),
(138,12,'en','desc','Kill an enemy while in the air'),
(139,13,'en','desc','Earn $2,500,000'),
(140,14,'en','desc','To draw 100 drawings'),
(141,15,'en','desc','Kill 20 enemy players that are dominating you'),
(142,16,'en','desc','While in the air, to kill the enemy is also in the air'),
(143,17,'en','desc','Kill 10,000 enemies'),
(144,18,'en','desc','Kill the enemy in the air'),
(145,19,'en','desc','Dazzle comrades 5 times'),
(146,20,'en','desc','Earn $50,000,000'),
(147,21,'en','desc','Write in the chat 1000 messages'),
(148,22,'en','desc','To draw 1,000 drawings'),
(149,23,'en','desc','To spend $100,000'),
(150,24,'en','desc','Kill 5 enemies with headshots in a single round'),
(151,25,'en','desc','To inflict 95% damage to enemy that then kills the other player'),
(152,26,'en','desc','Kill the enemy that brought to the level of less than 5% health by other player'),
(153,27,'en','desc','Break 10 objects in a single round'),
(154,28,'en','desc','Win 10 rounds'),
(155,29,'en','desc','Win 200 rounds'),
(156,30,'en','desc','Win 5,000 rounds'),
(157,31,'en','desc','Successfully defuse a bomb in less than one second before the explosion'),
(158,32,'en','desc','Install 100 bombs'),
(159,33,'en','desc','Defuse 100 bombs'),
(160,34,'en','desc','Win 100 rounds on the de_dust2 map'),
(161,35,'en','desc','Break 500 objects'),
(162,36,'en','desc','Win 100 rounds on the de_nuke map'),
(163,37,'en','desc','Win 100 rounds on the map deathrun_temple'),
(164,38,'en','desc','Win 100 rounds on the map surf_ski_2'),
(165,39,'en','desc','Win 100 rounds on the map awp_rooftops'),
(166,40,'en','desc','Win 100 rounds on the map hns_floppytown'),
(167,41,'en','desc','To earn $1,000,000'),
(168,42,'en','desc','Collect 20 bags of gifts in the period from 29.10 till 3.11');

DELETE FROM `weapons`;
insert  into `weapons`(`id`,`name`,`fullname`) values 
(0,'NONE',''),
(1,'P228','SIG Sauer P228'),
(2,'WAT',''),
(3,'SCOUT','Steyr Scout'),
(4,'HEGRENADE','He Grenade'),
(5,'XM1014','Benelli M4 Super 90'),
(6,'C4','C4'),
(7,'MAC10','Ingram MAC-10'),
(8,'AUG','Steyr AUG'),
(9,'SMOKEGRENADE','Smoke Grenade'),
(10,'ELITE','Elite'),
(11,'FIVESEVEN','FN Five-seveN'),
(12,'UMP45','HK UMP'),
(13,'SG550','SIG SG 550'),
(14,'GALIL','Galil'),
(15,'FAMAS','Famas'),
(16,'USP','HK USP'),
(17,'GLOCK18','Glock 18'),
(18,'AWP','Accuracy International L96A1'),
(19,'MP5NAVY','HK MP5'),
(20,'M249','M249 SAW'),
(21,'M3','M3 submachine gun'),
(22,'M4A1','M4 carbine'),
(23,'TMP','Steyr TMP'),
(24,'G3SG1','HK G3'),
(25,'FLASHBANG','Flash Bang'),
(26,'DEAGLE','Desert Eagle'),
(27,'SG552','SIG SG 550'),
(28,'AK47','AK47'),
(29,'KNIFE','Knife'),
(30,'P90','FN P90'),
(31,'VEST','Vest'),
(32,'VESTHELM','Vest Helm');

DELETE FROM `lang`;
insert  into `lang`(`id`,`lang`,`name`,`default`) values 
(1,'ru','Русский',1),
(2,'en','English',0);

DELETE FROM `langs`;
insert  into `langs`(`lang`,`var`,`value`) values
('ru','langThemeNotFound','тема не существует'),
('ru','langMain','Главная'),
('ru','lang_home','Начало'),
('ru','lang_achiev','Достижения'),
('ru','lang_ucp','Личный кабинет'),
('ru','lang_logout','Выйти'),
('ru','langTitle','Lonis'),
('ru','lang_admin_achiev','Настройка достижений'),
('ru','lang_admin_langs','Словарь'),
('ru','langRegErrors','Произошли следующие ошибки:'),
('ru','langNotInputNick','Вы не ввели ник!'),
('ru','langNotInputPassword','Вы не ввели пароль!'),
('ru','langNotInputMail','Вы не ввели e-mail!'),
('ru','langAlreadyLogin','Вы уже вошли!'),
('ru','langWarning','Внимание!'),
('ru','langUserNotFound','Не найден пользователь с введёнными вами данными!'),
('ru','langName','Имя'),
('ru','langPassword','Пароль'),
('ru','lang_login','Войти'),
('ru','lang_loginReg','Войти/Регистрация'),
('ru','lang_reg','Регистрация'),
('ru','lang_regTitle','Регистрация'),
('ru','langMustLogin','Необходимо войти!'),
('ru','langDataUpdated','Данные успешно обновлены!'),
('ru','langIP','IP'),
('ru','langSteamID','Steam ID'),
('ru','langUpdate','Обновить'),
('ru','langReadme','Бла бла бла'),
('ru','langCurrent','Текущий'),
('ru','langInActive','Учётная запись неактивна!'),
('ru','langAlreadyRegister','Вы уже зарегистрированы!'),
('ru','lang_regSuccess','Вы успешно зарегистрированы! Ссылка для активации отправлена на указанный e-mail'),
('ru','langAlreadyUsed','Такое имя пользователя уже занято!'),
('ru','langEmail','e-mail'),
('ru','langActiveSuccess','Ваша учётная запись успешно активирована!'),
('ru','langActiveError','Неверный либо старый ключ активации!'),
('ru','langActiveMail','Для активации пройдите по следующей ссылке:'),
('ru','lang_sendMailError','Ошибка отправки почты'),
('ru','lang_achievsPlayers','Игроки, выполнившие достижение'),
('ru','lang_achievPlayerTotal','Всего выполнено достижений:'),
('ru','lang_achievsUnlocked','Разблокировано: '),
('ru','langDescription','Описание'),
('ru','langCount','Количество'),
('ru','langType','Тип'),
('ru','langAdd','Добавить'),
('ru','lang_achiev_admin','Управление достижениями'),
('ru','lang_achiev_players','Достижения игроков'),
('ru','langMyAchiev','Мои достижения'),
('ru','langSearch','Поиск'),
('ru','lang_green_chat','Префикс VIP в чате'),
('ru','lang_seeing_list','Список наблюдающих'),
('ru','lang_trail','/trail'),
('ru','lang_whois','Whois'),
('ru','langKzPro','Про'),
('ru','langKzNoob','Новички'),
('ru','langKzAll','Все'),
('ru','langStats','Статистика: '),
('ru','langMap','Карта '),
('ru','langPlayer','Игрок'),
('ru','lang_players','Игроки'),
('ru','langTime','Время'),
('ru','langCp','Чекпоинтов'),
('ru','langGoCp','Телепортов'),
('ru','langWeapon','Оружие'),
('ru','langRecords','Рекордов'),
('ru','langCountry','Страна'),
('ru','langView','подробно...'),
('ru','langRecs','Рекорд'),
('ru','langWorldRecord','Мировой рекорд'),
('ru','langRuRecord','Русский рекорд'),
('ru','langKzNum','Всего'),
('ru','langKzTop1','Первый'),
('ru','langKzNoRec','Не пройденные'),
('ru','langKzRec','Пройденные'),
('ru','langKzStats','KZ Статистика'),
('ru','langDRStats','DR Статистика'),
('ru','langCity','Город'),
('ru','lang_achievCompleted','Выполнил достижений: '),
('ru','langMapCompleted','Прошёл KZ карт: '),
('ru','lang_kz_duels','KZ Дуэль'),
('ru','lang_kz_maps','KZ карты'),
('ru','lang_kz_players','KZ игроки'),
('ru','langWinner','Победитель'),
('ru','langLooser','Проигравший'),
('ru','langWinnerPoint','Очков победителя'),
('ru','langLooserPoint','Очков проигравшего'),
('ru','langMyKz','Мои KZ рекорды'),
('ru','langAuthNickPassword','Ник и пароль'),
('ru','langAuthSteamId','Steam ID'),
('ru','langAuthType','Тип авторизации'),
('ru','langBanned','Вы забанены!!!'),
('ru','langTitleGameAcc','Игровой аккаунт'),
('ru','langTitleSettings','Настройки'),
('ru','langTitlePersonalData','Личные данные'),
('ru','langICQ','ICQ'),
('ru','langAvatar','Аватар'),
('ru','lang_steam_login','Войдите через Steam'),
('ru','langNoSteamLogin','Или заполните форму'),
('ru','lang_setup','Настройка конфига'),
('ru','langSave','Сохранить'),
('ru','langSaved','Сохранено'),
('ru','langReset','Сбросить'),
('ru','langResetDef','Сбросить настройки'),
('ru','langConfirm','Подтвердите действие'),
('ru','lang_timezone','Временная зона'),
('ru','lang_charset','Кодировка'),
('ru','lang_mysql_user','Пользователь базы'),
('ru','lang_mysql_password','Пароль базы'),
('ru','lang_mysql_host','Адрес базы'),
('ru','lang_mysql_db','База'),
('ru','lang_mysql_prefix','Префикс'),
('ru','lang_activateTime','Время активации профиля'),
('ru','lang_baseUrl','Адрес сайта'),
('ru','lang_gravatarSize','Размер аватара'),
('ru','lang_playerPerPage','Игроков на странице'),
('ru','lang_mapsPerPage','Карт на странице'),
('ru','lang_playersPerPage','Игроков на странице KZ'),
('ru','lang_langlist','Список языков (через пробел)'),
('ru','lang_lang','Язык по умолчанию'),
('ru','lang_themelist','Список тем (через пробел)'),
('ru','lang_theme','Тема по умолчанию'),
('ru','lang_cstheme','Тема по умолчанию в CS'),
('ru','lang_email','E-mail'),
('ru','lang_cookieKey','Cookie Ключ'),
('ru','langGenerate','Генерировать'),
('ru','lang_setupGeneral','Основные настройки'),
('ru','lang_setupDb','База данных'),
('ru','lang_setupLang','Язык'),
('ru','langDbTitle','Работа с базой данных'),
('ru','langBase','База'),
('ru','langTables','Таблицы'),
('ru','langData','Данные'),
('ru','langCreate','Создать'),
('ru','langDelete','Удалить'),
('ru','langClear','Очистить'),
('ru','langEdit','Изменить'),
('ru','langDbNotConnect','Нет подключения к базе данных'),
('ru','langDbNotTablesFile','Файл с таблицами не существует'),
('ru','langDbNotDataFile','Файл с данными не существует'),
('ru','langGlobal','Глобальные'),
('ru','langLocal','Локальные'),
('ru','langError','Ошибка'),
('en','langThemeNotFound','Theme not found'),
('en','langMain','Main'),
('en','lang_home','Home'),
('en','lang_achiev','Achievs'),
('en','lang_ucp','Personal account'),
('en','lang_logout','Logout'),
('en','langTitle','Lonis'),
('en','lang_admin_achiev','Setup achiev'),
('en','lang_admin_langs','Dictonaries'),
('en','langRegErrors','Failed with the following error:'),
('en','langNotInputNick','You did not enter nick!'),
('en','langNotInputPassword','You have not entered a password!'),
('en','langNotInputMail','You have not entered e-mail!'),
('en','langAlreadyLogin','You already entered!'),
('en','langWarning','Warning!'),
('en','langUserNotFound','Not found user entered data!'),
('en','langName','Name'),
('en','langPassword','Password'),
('en','lang_login','Login'),
('en','lang_loginReg','Login/Register'),
('en','lang_reg','Register'),
('en','lang_regTitle','Registration'),
('en','lang_achiev_players','Achievs players'),
('en','langMustLogin','You need to login!'),
('en','langDataUpdated','Data updated successfully!'),
('en','langIP','IP'),
('en','langSteamID','Steam ID'),
('en','langUpdate','Update'),
('en','langReadme','Bla Bla Bla'),
('en','langCurrent','Current'),
('en','langInActive','Account inactive!'),
('en','langAlreadyRegister','You are already registered!'),
('en','lang_regSuccess','You have successfully registered! Activation link sent to your e-mail'),
('en','langAlreadyUsed','This username is already taken!'),
('en','langEmail','e-mail'),
('en','langActiveSuccess','Your account is successfully activated!'),
('en','langActiveError','Old or invalid activation key!'),
('en','langActiveMail','To activate click on the following link:'),
('en','lang_sendMailError','Error mail send'),
('en','lang_achievsPlayers','Players who complete the achievement'),
('en','lang_achievPlayerTotal','Just completed the achievements:'),
('en','lang_achievsUnlocked','Unlocked: '),
('en','langDescription','Description'),
('en','langCount','Count'),
('en','langType','Type'),
('en','langAdd','Add'),
('en','lang_achiev_admin','Management achievements'),
('en','langMyAchiev','My achievements'),
('en','langSearch','Search'),
('en','lang_green_chat','The VIP prefix in chat'),
('en','lang_seeing_list','List watching'),
('en','lang_trail','/trail'),
('en','lang_whois','Whois'),
('en','langKzPro','Pro'),
('en','langKzNoob','Noob'),
('en','langKzAll','All'),
('en','langStats','Statistics: '),
('en','langMap','Map'),
('en','langPlayer','Player'),
('en','lang_players','Players'),
('en','langTime','Time'),
('en','langCp','Checkpoints'),
('en','langGoCp','Teleports'),
('en','langWeapon','Weapon'),
('en','langRecords','Records'),
('en','langCountry','Country'),
('en','langView','detail...'),
('en','langRecs','Record'),
('en','langWorldRecord','World record'),
('en','langRuRecord','Russian record'),
('en','langKzNum','All'),
('en','langKzTop1','First'),
('en','langKzNoRec','Not jumped'),
('en','langKzRec','Passed'),
('en','langKzStats','KZ Statistics'),
('en','langDRStats','DR Statistics'),
('en','langCity','City'),
('en','lang_achievCompleted','Fulfilled achievements: '),
('en','langMapCompleted','Went KZ maps: '),
('en','lang_kz_duels','KZ Duels'),
('en','lang_kz_maps','KZ Maps'),
('en','lang_kz_players','KZ Players'),
('en','langWinner','Winner'),
('en','langLooser','Looser'),
('en','langWinnerPoint','Winner Point'),
('en','langLooserPoint','Looser Point'),
('en','langMyKz','My KZ records'),
('en','langAuthNickPassword','Username and password'),
('en','langAuthSteamId','Steam ID'),
('en','langAuthType','The type of authorization'),
('en','langBanned','You are banned!!!'),
('en','langTitleGameAcc','Game account'),
('en','langTitleSettings','Setting'),
('en','langTitlePersonalData','Personal Data'),
('en','langICQ','ICQ'),
('en','langAvatar','Avatar'),
('en','lang_steam_login','Sign in through Steam'),
('en','langNoSteamLogin','Or fill out the form'),
('en','lang_setup','Setup config'),
('en','langSave','Save'),
('en','langSaved','Saved'),
('en','langReset','Reset'),
('en','langResetDef','Reset to default'),
('en','langConfirm','Confirmed action'),
('en','lang_timezone','Time zone'),
('en','lang_charset','Charset'),
('en','lang_mysql_user','User db'),
('en','lang_mysql_password','Password db'),
('en','lang_mysql_host','Host db'),
('en','lang_mysql_db','Database'),
('en','lang_mysql_prefix','Prefix db'),
('en','lang_activateTime','Activation time e-mail'),
('en','lang_baseUrl','Url site'),
('en','lang_gravatarSize','Avatar size'),
('en','lang_playerPerPage','Players per page'),
('en','lang_mapsPerPage','Maps per page'),
('en','lang_playersPerPage','Players per page KZ'),
('en','lang_langlist','Language list (space specarate)'),
('en','lang_lang','Language default'),
('en','lang_themelist','Theme list (space specarate)'),
('en','lang_theme','Theme default'),
('en','lang_cstheme','Theme default in CS'),
('en','lang_email','E-mail'),
('en','lang_cookieKey','Cookie Key'),
('en','langGenerate','Generate'),
('en','lang_setupGeneral','General setting'),
('en','lang_setupDb','Database'),
('en','lang_setupLang','Language'),
('en','langDbTitle','Working with database'),
('en','langBase','DB'),
('en','langTables','Tables'),
('en','langData','Data'),
('en','langCreate','Create'),
('en','langDelete','Delete'),
('en','langClear','Clear'),
('en','langEdit','Edit'),
('en','langDbNotConnect','Not connection to database'),
('en','langDbNotTablesFile','File with tables not found'),
('en','langDbNotDataFile','File with data not found'),
('en','langGlobal','Global'),
('en','langLocal','Local'),
('en','langError','Error'),
('en','lang_Var','Variable'),
('ru','lang_Var','Переменная'),
('en','lang_Value','Value'),
('ru','lang_Value','Значение'),
('en','lang_kz_player','KZ Player'),
('ru','lang_kz_player','KZ Игрок'),
('en','lang_kz_map','Kz Map'),
('ru','lang_kz_map','KZ Карта'),
('en','langTotal','Total'),
('ru','langTotal','Всего'),
('en','lang_admin_players','Edit players'),
('ru','lang_admin_players','Редактировать игроков'),
('en','lang_error','Error'),
('ru','lang_error','Ошибка'),
('en','langAdmin','Admin'),
('ru','langAdmin','Админ'),
('en','langActive','Active'),
('ru','langActive','Активный'),
('en','langYes','Yes'),
('ru','langYes','Да'),
('en','langNo','No'),
('ru','langNo','Нет'),
('en','langError401','Not autorised'),
('ru','langError401','Пользователь не авторизован'),
('en','langError403','Access denied'),
('ru','langError403','Доспуп запещен'),
('en','langError404','Pages Not Found'),
('ru','langError404','Страница не существует'),
('en','langError500','Internal Server Error'),
('ru','langError500','Внутренняя ошибка сервера'),
('en','langDownload','Download'),
('ru','langDownload','Скачать'),
('en','lang_servers','Servers'),
('ru','lang_servers','Сервера'),
('en','langWelcome','Welcome to game server'),
('ru','langWelcome','Добро пожаловать на игровые сервера'),
('en','lang_achievPerPage','Lines in Achiev'),
('ru','lang_achievPerPage','Строк в Достижениях'),
('en','langBots','Bots'),
('ru','langBots','Боты'),
('en','langOS','OS'),
('ru','langOS','ОС'),
('en','langDescriptor','Descriptor'),
('ru','langDescriptor','Дескриптор'),
('en','langMod','Mod'),
('ru','langMod','Мод'),
('en','langFrags','Frags'),
('ru','langFrags','Очки'),
('en','langServerNotFound','Server not found'),
('ru','langServerNotFound','Сервер не найден'),
('en','langCheck','Check'),
('ru','langCheck','Проверить'),
('en','langLanguage','Language'),
('ru','langLanguage','Язык'),
('en','lang_admin_servers','Edit servers'),
('ru','lang_admin_servers','Изменить сервера');